chromInfo,chromInfo_filetype,create_time,destination_id,end_epoch,exit_code,galaxy_slots,handler,history_id,id,imported,infile,infile_filetype,info,job_runner_external_id,job_runner_name,library_folder_id,memtotal,object_store_id,param_filename,parameters.chromInfo,parameters.dbkey,parameters.hardmask,parameters.infile,parameters.qmask,processor_count,runner_name,session_id,start_epoch,state,swaptotal,tool_id,tool_version,traceback,update_time,user_id,runtime
362,len,2016-01-27 11:12:49.041885,slurm_normal,1453894778.0,0,1.0,main_w1_handler1,2550932,11613684,False,573936844,fasta,,5878390.roundup,slurm,,132112168.0,corral-repl,,"""/galaxy-repl/main/files/013/764/dataset_13764135.dat""","""?""","""True""",23048583,"""dust""",32.0,,27763845,1453894574.0,ok,1023996.0,toolshed.g2.bx.psu.edu/repos/iuc/vsearch/vsearch_masking/1.1.3.1,1.1.3.1,,2016-01-27 11:39:42.213209,75903,204.0
362,len,2016-01-27 11:12:50.347641,slurm_normal,1453896315.0,0,1.0,main_w2_handler0,2550932,11613687,False,921520766,fasta,,5878539.roundup,slurm,,132112168.0,corral-repl,,"""/galaxy-repl/main/files/013/764/dataset_13764135.dat""","""?""","""True""",23048587,"""dust""",32.0,,27763845,1453896065.0,ok,1023996.0,toolshed.g2.bx.psu.edu/repos/iuc/vsearch/vsearch_masking/1.1.3.1,1.1.3.1,,2016-01-27 12:05:20.411408,75903,250.0
362,len,2016-01-27 11:12:47.826307,slurm_normal,1453894805.0,0,1.0,main_w1_handler0,2550932,11613682,False,658267260,fasta,,5878389.roundup,slurm,,132112168.0,corral-repl,,"""/galaxy-repl/main/files/013/764/dataset_13764135.dat""","""?""","""True""",23048581,"""dust""",32.0,,27763845,1453894573.0,ok,1023996.0,toolshed.g2.bx.psu.edu/repos/iuc/vsearch/vsearch_masking/1.1.3.1,1.1.3.1,,2016-01-27 11:40:07.910538,75903,232.0
362,len,2016-01-27 11:12:50.917776,slurm_normal,1453895761.0,0,1.0,main_w1_handler0,2550932,11613688,False,893719858,fasta,,5878426.roundup,slurm,,132112168.0,corral-repl,,"""/galaxy-repl/main/files/013/764/dataset_13764135.dat""","""?""","""True""",23048588,"""dust""",32.0,,27763845,1453895036.0,ok,1023996.0,toolshed.g2.bx.psu.edu/repos/iuc/vsearch/vsearch_masking/1.1.3.1,1.1.3.1,,2016-01-27 11:56:04.597671,75903,725.0
362,len,2016-01-27 11:12:39.636055,slurm_normal,1453895871.0,0,1.0,main_w2_handler0,2550932,11613667,False,700951917,fasta,,5878499.roundup,slurm,,132112168.0,corral-repl,,"""/galaxy-repl/main/files/013/764/dataset_13764135.dat""","""?""","""True""",23048565,"""dust""",32.0,,27763845,1453895638.0,ok,1023996.0,toolshed.g2.bx.psu.edu/repos/iuc/vsearch/vsearch_masking/1.1.3.1,1.1.3.1,,2016-01-27 11:57:59.174901,75903,233.0
362,len,2016-01-27 11:12:48.510672,slurm_normal,1453894943.0,0,1.0,main_w1_handler0,2550932,11613683,False,554516342,fasta,,5878404.roundup,slurm,,132112168.0,corral-repl,,"""/galaxy-repl/main/files/013/764/dataset_13764135.dat""","""?""","""True""",23048582,"""dust""",32.0,,27763845,1453894745.0,ok,1023996.0,toolshed.g2.bx.psu.edu/repos/iuc/vsearch/vsearch_masking/1.1.3.1,1.1.3.1,,2016-01-27 11:42:26.268010,75903,198.0
362,len,2016-01-27 11:12:24.398874,slurm_normal,1453893424.0,0,1.0,main_w1_handler2,2550932,11613641,False,863393534,fasta,,5878282.roundup,slurm,,132112168.0,corral-repl,,"""/galaxy-repl/main/files/013/764/dataset_13764135.dat""","""?""","""True""",23048538,"""dust""",32.0,,27763845,1453893158.0,ok,1023996.0,toolshed.g2.bx.psu.edu/repos/iuc/vsearch/vsearch_masking/1.1.3.1,1.1.3.1,,2016-01-27 11:17:08.018706,75903,266.0
362,len,2016-01-27 11:12:25.420324,slurm_normal,1453893508.0,0,1.0,main_w2_handler0,2550932,11613643,False,1118856468,fasta,,5878283.roundup,slurm,,132112168.0,corral-repl,,"""/galaxy-repl/main/files/013/764/dataset_13764135.dat""","""?""","""True""",23048540,"""dust""",32.0,,27763845,1453893163.0,ok,1023996.0,toolshed.g2.bx.psu.edu/repos/iuc/vsearch/vsearch_masking/1.1.3.1,1.1.3.1,,2016-01-27 11:18:32.816704,75903,345.0
362,len,2016-01-27 11:12:47.522029,slurm_normal,1453895804.0,0,1.0,main_w2_handler0,2550932,11613681,False,595360352,fasta,,5878478.roundup,slurm,,132112168.0,corral-repl,,"""/galaxy-repl/main/files/013/764/dataset_13764135.dat""","""?""","""True""",23048580,"""dust""",32.0,,27763845,1453895520.0,ok,1023996.0,toolshed.g2.bx.psu.edu/repos/iuc/vsearch/vsearch_masking/1.1.3.1,1.1.3.1,,2016-01-27 11:58:01.780891,75903,284.0
362,len,2016-01-27 11:12:39.002406,slurm_normal,1453895324.0,0,1.0,main_w2_handler0,2550932,11613666,False,594288107,fasta,,5878427.roundup,slurm,,132112168.0,corral-repl,,"""/galaxy-repl/main/files/013/764/dataset_13764135.dat""","""?""","""True""",23048564,"""dust""",32.0,,27763845,1453895037.0,ok,1023996.0,toolshed.g2.bx.psu.edu/repos/iuc/vsearch/vsearch_masking/1.1.3.1,1.1.3.1,,2016-01-27 11:48:50.952371,75903,287.0
362,len,2016-01-27 11:12:26.258095,slurm_normal,1453893425.0,0,1.0,main_w2_handler1,2550932,11613645,False,893719858,fasta,,5878284.roundup,slurm,,132112168.0,corral-repl,,"""/galaxy-repl/main/files/013/764/dataset_13764135.dat""","""?""","""True""",23048542,"""dust""",32.0,,27763845,1453893164.0,ok,1023996.0,toolshed.g2.bx.psu.edu/repos/iuc/vsearch/vsearch_masking/1.1.3.1,1.1.3.1,,2016-01-27 11:17:13.501169,75903,261.0
362,len,2016-01-27 11:12:35.475750,slurm_normal,1453896319.0,0,1.0,main_w2_handler1,2550932,11613660,False,966605960,fasta,,5878540.roundup,slurm,,132112168.0,corral-repl,,"""/galaxy-repl/main/files/013/764/dataset_13764135.dat""","""?""","""True""",23048557,"""dust""",32.0,,27763845,1453896068.0,ok,1023996.0,toolshed.g2.bx.psu.edu/repos/iuc/vsearch/vsearch_masking/1.1.3.1,1.1.3.1,,2016-01-27 12:05:23.822409,75903,251.0
362,len,2016-01-27 11:12:44.655148,slurm_normal,1453895508.0,0,1.0,main_w2_handler0,2550932,11613676,False,721115355,fasta,,5878450.roundup,slurm,,132112168.0,corral-repl,,"""/galaxy-repl/main/files/013/764/dataset_13764135.dat""","""?""","""True""",23048575,"""dust""",32.0,,27763845,1453895289.0,ok,1023996.0,toolshed.g2.bx.psu.edu/repos/iuc/vsearch/vsearch_masking/1.1.3.1,1.1.3.1,,2016-01-27 11:51:55.171239,75903,219.0
362,len,2016-01-27 11:12:49.378123,slurm_normal,1453896083.0,0,1.0,main_w2_handler0,2550932,11613685,False,700951917,fasta,,5878527.roundup,slurm,,132112168.0,corral-repl,,"""/galaxy-repl/main/files/013/764/dataset_13764135.dat""","""?""","""True""",23048584,"""dust""",32.0,,27763845,1453895888.0,ok,1023996.0,toolshed.g2.bx.psu.edu/repos/iuc/vsearch/vsearch_masking/1.1.3.1,1.1.3.1,,2016-01-27 12:01:27.729993,75903,195.0
362,len,2016-01-27 11:12:42.412318,slurm_normal,1453895280.0,0,1.0,main_w1_handler2,2550932,11613673,False,554516342,fasta,,5878425.roundup,slurm,,132112168.0,corral-repl,,"""/galaxy-repl/main/files/013/764/dataset_13764135.dat""","""?""","""True""",23048572,"""dust""",32.0,,27763845,1453895034.0,ok,1023996.0,toolshed.g2.bx.psu.edu/repos/iuc/vsearch/vsearch_masking/1.1.3.1,1.1.3.1,,2016-01-27 11:48:03.752121,75903,246.0
362,len,2016-01-27 11:12:35.990446,slurm_normal,1453895267.0,0,1.0,main_w2_handler1,2550932,11613661,False,700030396,fasta,,5878423.roundup,slurm,,132112168.0,corral-repl,,"""/galaxy-repl/main/files/013/764/dataset_13764135.dat""","""?""","""True""",23048558,"""dust""",32.0,,27763845,1453894982.0,ok,1023996.0,toolshed.g2.bx.psu.edu/repos/iuc/vsearch/vsearch_masking/1.1.3.1,1.1.3.1,,2016-01-27 11:47:54.291893,75903,285.0
362,len,2016-01-27 11:12:37.557619,slurm_normal,1453894559.0,0,1.0,main_w2_handler0,2550932,11613663,False,721115355,fasta,,5878363.roundup,slurm,,132112168.0,corral-repl,,"""/galaxy-repl/main/files/013/764/dataset_13764135.dat""","""?""","""True""",23048560,"""dust""",32.0,,27763845,1453894357.0,ok,1023996.0,toolshed.g2.bx.psu.edu/repos/iuc/vsearch/vsearch_masking/1.1.3.1,1.1.3.1,,2016-01-27 11:36:03.387231,75903,202.0
362,len,2016-01-27 11:12:38.168200,slurm_normal,1453896317.0,0,1.0,main_w2_handler1,2550932,11613664,False,606800394,fasta,,5878541.roundup,slurm,,132112168.0,corral-repl,,"""/galaxy-repl/main/files/013/764/dataset_13764135.dat""","""?""","""True""",23048561,"""dust""",32.0,,27763845,1453896093.0,ok,1023996.0,toolshed.g2.bx.psu.edu/repos/iuc/vsearch/vsearch_masking/1.1.3.1,1.1.3.1,,2016-01-27 12:05:19.749090,75903,224.0
362,len,2016-01-27 11:12:46.045795,slurm_normal,1453896487.0,0,1.0,main_w2_handler1,2550932,11613679,False,567343083,fasta,,5878561.roundup,slurm,,132112168.0,corral-repl,,"""/galaxy-repl/main/files/013/764/dataset_13764135.dat""","""?""","""True""",23048578,"""dust""",32.0,,27763845,1453896337.0,ok,1023996.0,toolshed.g2.bx.psu.edu/repos/iuc/vsearch/vsearch_masking/1.1.3.1,1.1.3.1,,2016-01-27 12:08:11.695949,75903,150.0
362,len,2016-01-27 11:12:43.933354,slurm_normal,1453896528.0,0,1.0,main_w2_handler1,2550932,11613675,False,606239043,fasta,,5878559.roundup,slurm,,132112168.0,corral-repl,,"""/galaxy-repl/main/files/013/764/dataset_13764135.dat""","""?""","""True""",23048574,"""dust""",32.0,,27763845,1453896336.0,ok,1023996.0,toolshed.g2.bx.psu.edu/repos/iuc/vsearch/vsearch_masking/1.1.3.1,1.1.3.1,,2016-01-27 12:08:51.029026,75903,192.0
362,len,2016-01-27 11:12:27.880963,slurm_normal,1453893685.0,0,1.0,main_w2_handler0,2550932,11613647,False,894106489,fasta,,5878306.roundup,slurm,,132112168.0,corral-repl,,"""/galaxy-repl/main/files/013/764/dataset_13764135.dat""","""?""","""True""",23048544,"""dust""",32.0,,27763845,1453893435.0,ok,1023996.0,toolshed.g2.bx.psu.edu/repos/iuc/vsearch/vsearch_masking/1.1.3.1,1.1.3.1,,2016-01-27 11:21:28.908483,75903,250.0
362,len,2016-01-27 11:12:34.275245,slurm_normal,1453893756.0,0,1.0,main_w1_handler0,2550932,11613658,False,894106489,fasta,,5878305.roundup,slurm,,132112168.0,corral-repl,,"""/galaxy-repl/main/files/013/764/dataset_13764135.dat""","""?""","""True""",23048554,"""dust""",32.0,,27763845,1453893435.0,ok,1023996.0,toolshed.g2.bx.psu.edu/repos/iuc/vsearch/vsearch_masking/1.1.3.1,1.1.3.1,,2016-01-27 11:22:37.696578,75903,321.0
362,len,2016-01-27 11:12:31.414085,slurm_normal,1453893905.0,0,1.0,main_w2_handler0,2550932,11613650,False,700030396,fasta,,5878328.roundup,slurm,,132112168.0,corral-repl,,"""/galaxy-repl/main/files/013/764/dataset_13764135.dat""","""?""","""True""",23048547,"""dust""",32.0,,27763845,1453893715.0,ok,1023996.0,toolshed.g2.bx.psu.edu/repos/iuc/vsearch/vsearch_masking/1.1.3.1,1.1.3.1,,2016-01-27 11:25:10.636651,75903,190.0
362,len,2016-01-27 11:12:40.829094,slurm_normal,1453896592.0,0,1.0,main_w2_handler1,2550932,11613670,False,776220651,fasta,,5878558.roundup,slurm,,132112168.0,corral-repl,,"""/galaxy-repl/main/files/013/764/dataset_13764135.dat""","""?""","""True""",23048569,"""dust""",32.0,,27763845,1453896331.0,ok,1023996.0,toolshed.g2.bx.psu.edu/repos/iuc/vsearch/vsearch_masking/1.1.3.1,1.1.3.1,,2016-01-27 12:09:56.038595,75903,261.0
362,len,2016-01-27 11:12:31.775283,slurm_normal,1453894412.0,0,1.0,main_w1_handler2,2550932,11613651,False,863393534,fasta,,5878356.roundup,slurm,,132112168.0,corral-repl,,"""/galaxy-repl/main/files/013/764/dataset_13764135.dat""","""?""","""True""",23048548,"""dust""",32.0,,27763845,1453894170.0,ok,1023996.0,toolshed.g2.bx.psu.edu/repos/iuc/vsearch/vsearch_masking/1.1.3.1,1.1.3.1,,2016-01-27 11:33:35.389825,75903,242.0
362,len,2016-01-27 11:12:32.799059,slurm_normal,1453894592.0,0,1.0,main_w1_handler2,2550932,11613654,False,905649775,fasta,,5878360.roundup,slurm,,132112168.0,corral-repl,,"""/galaxy-repl/main/files/013/764/dataset_13764135.dat""","""?""","""True""",23048551,"""dust""",32.0,,27763845,1453894354.0,ok,1023996.0,toolshed.g2.bx.psu.edu/repos/iuc/vsearch/vsearch_masking/1.1.3.1,1.1.3.1,,2016-01-27 11:36:36.868638,75903,238.0
362,len,2016-01-27 11:12:30.266325,slurm_normal,1453893706.0,0,1.0,main_w1_handler1,2550932,11613649,False,966605960,fasta,,5878303.roundup,slurm,,132112168.0,corral-repl,,"""/galaxy-repl/main/files/013/764/dataset_13764135.dat""","""?""","""True""",23048546,"""dust""",32.0,,27763845,1453893432.0,ok,1023996.0,toolshed.g2.bx.psu.edu/repos/iuc/vsearch/vsearch_masking/1.1.3.1,1.1.3.1,,2016-01-27 11:21:51.605332,75903,274.0
362,len,2016-01-27 11:12:34.889119,slurm_normal,1453893962.0,0,1.0,main_w1_handler1,2550932,11613659,False,908611315,fasta,,5878326.roundup,slurm,,132112168.0,corral-repl,,"""/galaxy-repl/main/files/013/764/dataset_13764135.dat""","""?""","""True""",23048556,"""dust""",32.0,,27763845,1453893714.0,ok,1023996.0,toolshed.g2.bx.psu.edu/repos/iuc/vsearch/vsearch_masking/1.1.3.1,1.1.3.1,,2016-01-27 11:26:03.162504,75903,248.0
362,len,2016-01-27 11:12:38.567987,slurm_normal,1453894970.0,0,1.0,main_w2_handler0,2550932,11613665,False,567343083,fasta,,5878407.roundup,slurm,,132112168.0,corral-repl,,"""/galaxy-repl/main/files/013/764/dataset_13764135.dat""","""?""","""True""",23048562,"""dust""",32.0,,27763845,1453894751.0,ok,1023996.0,toolshed.g2.bx.psu.edu/repos/iuc/vsearch/vsearch_masking/1.1.3.1,1.1.3.1,,2016-01-27 11:42:57.307303,75903,219.0
362,len,2016-01-27 11:12:29.322937,slurm_normal,1453894163.0,0,1.0,main_w1_handler2,2550932,11613648,False,908611315,fasta,,5878346.roundup,slurm,,132112168.0,corral-repl,,"""/galaxy-repl/main/files/013/764/dataset_13764135.dat""","""?""","""True""",23048545,"""dust""",32.0,,27763845,1453893910.0,ok,1023996.0,toolshed.g2.bx.psu.edu/repos/iuc/vsearch/vsearch_masking/1.1.3.1,1.1.3.1,,2016-01-27 11:29:26.392005,75903,253.0
362,len,2016-01-27 11:12:32.096446,slurm_normal,1453895628.0,0,1.0,main_w2_handler1,2550932,11613652,False,776009013,fasta,,5878453.roundup,slurm,,132112168.0,corral-repl,,"""/galaxy-repl/main/files/013/764/dataset_13764135.dat""","""?""","""True""",23048549,"""dust""",32.0,,27763845,1453895336.0,ok,1023996.0,toolshed.g2.bx.psu.edu/repos/iuc/vsearch/vsearch_masking/1.1.3.1,1.1.3.1,,2016-01-27 11:53:52.600737,75903,292.0
362,len,2016-01-27 11:12:36.534847,slurm_normal,1453894344.0,0,1.0,main_w2_handler0,2550932,11613662,False,606239043,fasta,,5878357.roundup,slurm,,132112168.0,corral-repl,,"""/galaxy-repl/main/files/013/764/dataset_13764135.dat""","""?""","""True""",23048559,"""dust""",32.0,,27763845,1453894172.0,ok,1023996.0,toolshed.g2.bx.psu.edu/repos/iuc/vsearch/vsearch_masking/1.1.3.1,1.1.3.1,,2016-01-27 11:32:28.049773,75903,172.0
362,len,2016-01-27 11:12:43.051622,slurm_normal,1453894517.0,0,1.0,main_w1_handler0,2550932,11613674,False,573936844,fasta,,5878361.roundup,slurm,,132112168.0,corral-repl,,"""/galaxy-repl/main/files/013/764/dataset_13764135.dat""","""?""","""True""",23048573,"""dust""",32.0,,27763845,1453894354.0,ok,1023996.0,toolshed.g2.bx.psu.edu/repos/iuc/vsearch/vsearch_masking/1.1.3.1,1.1.3.1,,2016-01-27 11:35:20.146459,75903,163.0
362,len,2016-01-27 11:12:40.380620,slurm_normal,1453894458.0,0,1.0,main_w1_handler1,2550932,11613669,False,921520766,fasta,,5878355.roundup,slurm,,132112168.0,corral-repl,,"""/galaxy-repl/main/files/013/764/dataset_13764135.dat""","""?""","""True""",23048567,"""dust""",32.0,,27763845,1453894170.0,ok,1023996.0,toolshed.g2.bx.psu.edu/repos/iuc/vsearch/vsearch_masking/1.1.3.1,1.1.3.1,,2016-01-27 11:34:21.101864,75903,288.0
362,len,2016-01-27 11:12:32.418554,slurm_normal,1453896059.0,0,1.0,main_w2_handler1,2550932,11613653,False,1118856468,fasta,,5878500.roundup,slurm,,132112168.0,corral-repl,,"""/galaxy-repl/main/files/013/764/dataset_13764135.dat""","""?""","""True""",23048550,"""dust""",32.0,,27763845,1453895638.0,ok,1023996.0,toolshed.g2.bx.psu.edu/repos/iuc/vsearch/vsearch_masking/1.1.3.1,1.1.3.1,,2016-01-27 12:01:05.674061,75903,421.0
362,len,2016-01-27 11:12:25.929503,slurm_normal,1453893700.0,0,1.0,main_w1_handler2,2550932,11613644,False,905649775,fasta,,5878304.roundup,slurm,,132112168.0,corral-repl,,"""/galaxy-repl/main/files/013/764/dataset_13764135.dat""","""?""","""True""",23048541,"""dust""",32.0,,27763845,1453893433.0,ok,1023996.0,toolshed.g2.bx.psu.edu/repos/iuc/vsearch/vsearch_masking/1.1.3.1,1.1.3.1,,2016-01-27 11:21:43.842774,75903,267.0
362,len,2016-01-27 11:12:26.904276,slurm_normal,1453893902.0,0,1.0,main_w1_handler2,2550932,11613646,False,621371533,fasta,,5878325.roundup,slurm,,132112168.0,corral-repl,,"""/galaxy-repl/main/files/013/764/dataset_13764135.dat""","""?""","""True""",23048543,"""dust""",32.0,,27763845,1453893711.0,ok,1023996.0,toolshed.g2.bx.psu.edu/repos/iuc/vsearch/vsearch_masking/1.1.3.1,1.1.3.1,,2016-01-27 11:25:06.045391,75903,191.0
362,len,2016-01-27 11:12:39.972698,slurm_normal,1453894208.0,0,1.0,main_w1_handler1,2550932,11613668,False,1149524335,fasta,,5878344.roundup,slurm,,132112168.0,corral-repl,,"""/galaxy-repl/main/files/013/764/dataset_13764135.dat""","""?""","""True""",23048566,"""dust""",32.0,,27763845,1453893910.0,ok,1023996.0,toolshed.g2.bx.psu.edu/repos/iuc/vsearch/vsearch_masking/1.1.3.1,1.1.3.1,,2016-01-27 11:30:12.244611,75903,298.0
362,len,2016-01-27 11:12:41.452213,slurm_normal,1453893881.0,0,1.0,main_w1_handler0,2550932,11613671,False,595360352,fasta,,5878324.roundup,slurm,,132112168.0,corral-repl,,"""/galaxy-repl/main/files/013/764/dataset_13764135.dat""","""?""","""True""",23048570,"""dust""",32.0,,27763845,1453893711.0,ok,1023996.0,toolshed.g2.bx.psu.edu/repos/iuc/vsearch/vsearch_masking/1.1.3.1,1.1.3.1,,2016-01-27 11:24:44.664149,75903,170.0
362,len,2016-01-27 11:12:33.366230,slurm_normal,1453894738.0,0,1.0,main_w1_handler2,2550932,11613655,False,621371533,fasta,,5878388.roundup,slurm,,132112168.0,corral-repl,,"""/galaxy-repl/main/files/013/764/dataset_13764135.dat""","""?""","""True""",23048552,"""dust""",32.0,,27763845,1453894572.0,ok,1023996.0,toolshed.g2.bx.psu.edu/repos/iuc/vsearch/vsearch_masking/1.1.3.1,1.1.3.1,,2016-01-27 11:39:00.279072,75903,166.0
362,len,2016-01-27 11:12:33.850214,slurm_normal,1453895025.0,0,1.0,main_w1_handler2,2550932,11613656,False,893719858,fasta,,5878405.roundup,slurm,,132112168.0,corral-repl,,"""/galaxy-repl/main/files/013/764/dataset_13764135.dat""","""?""","""True""",23048553,"""dust""",32.0,,27763845,1453894748.0,ok,1023996.0,toolshed.g2.bx.psu.edu/repos/iuc/vsearch/vsearch_masking/1.1.3.1,1.1.3.1,,2016-01-27 11:43:49.166506,75903,277.0
362,len,2016-01-27 11:12:49.710120,slurm_normal,1453895188.0,0,1.0,main_w1_handler1,2550932,11613686,False,1149524335,fasta,,5878406.roundup,slurm,,132112168.0,corral-repl,,"""/galaxy-repl/main/files/013/764/dataset_13764135.dat""","""?""","""True""",23048585,"""dust""",32.0,,27763845,1453894748.0,ok,1023996.0,toolshed.g2.bx.psu.edu/repos/iuc/vsearch/vsearch_masking/1.1.3.1,1.1.3.1,,2016-01-27 11:46:29.919253,75903,440.0
362,len,2016-01-27 11:12:24.826329,slurm_normal,1453893397.0,0,1.0,main_w1_handler1,2550932,11613642,False,776009013,fasta,,5878281.roundup,slurm,,132112168.0,corral-repl,,"""/galaxy-repl/main/files/013/764/dataset_13764135.dat""","""?""","""True""",23048539,"""dust""",32.0,,27763845,1453893158.0,ok,1023996.0,toolshed.g2.bx.psu.edu/repos/iuc/vsearch/vsearch_masking/1.1.3.1,1.1.3.1,,2016-01-27 11:16:40.467910,75903,239.0
362,len,2016-01-27 11:12:41.980616,slurm_normal,1453894176.0,0,1.0,main_w1_handler0,2550932,11613672,False,658267260,fasta,,5878345.roundup,slurm,,132112168.0,corral-repl,,"""/galaxy-repl/main/files/013/764/dataset_13764135.dat""","""?""","""True""",23048571,"""dust""",32.0,,27763845,1453893914.0,ok,1023996.0,toolshed.g2.bx.psu.edu/repos/iuc/vsearch/vsearch_masking/1.1.3.1,1.1.3.1,,2016-01-27 11:29:38.394699,75903,262.0
362,len,2016-01-27 11:12:46.477790,slurm_normal,1453894572.0,0,1.0,main_w1_handler1,2550932,11613680,False,776220651,fasta,,5878362.roundup,slurm,,132112168.0,corral-repl,,"""/galaxy-repl/main/files/013/764/dataset_13764135.dat""","""?""","""True""",23048579,"""dust""",32.0,,27763845,1453894358.0,ok,1023996.0,toolshed.g2.bx.psu.edu/repos/iuc/vsearch/vsearch_masking/1.1.3.1,1.1.3.1,,2016-01-27 11:36:19.891958,75903,214.0
362,len,2016-01-27 11:12:45.168638,slurm_normal,1453895913.0,0,1.0,main_w1_handler2,2550932,11613677,False,606800394,fasta,,5878498.roundup,slurm,,132112168.0,corral-repl,,"""/galaxy-repl/main/files/013/764/dataset_13764135.dat""","""?""","""True""",23048576,"""dust""",32.0,,27763845,1453895635.0,ok,1023996.0,toolshed.g2.bx.psu.edu/repos/iuc/vsearch/vsearch_masking/1.1.3.1,1.1.3.1,,2016-01-27 11:58:35.281587,75903,278.0
362,len,2016-01-27 11:12:45.629119,slurm_normal,1453896054.0,0,1.0,main_w1_handler2,2550932,11613678,False,594288107,fasta,,5878525.roundup,slurm,,132112168.0,corral-repl,,"""/galaxy-repl/main/files/013/764/dataset_13764135.dat""","""?""","""True""",23048577,"""dust""",32.0,,27763845,1453895888.0,ok,1023996.0,toolshed.g2.bx.psu.edu/repos/iuc/vsearch/vsearch_masking/1.1.3.1,1.1.3.1,,2016-01-27 12:00:57.849839,75903,166.0
